id,happiness
8001,3.7481024343193163
8002,2.8306122238312557
8003,3.4294780878730413
8004,4.371285330705709
8005,3.4785319739788916
8006,4.370252439870826
8007,3.8297407969513757
8008,4.513618194128894
8009,4.062144939929789
8010,3.116239185381919
8011,2.9733228683833506
8012,3.730082820457986
8013,4.15195720731312
8014,3.7977626312856954
8015,3.586333133674514
8016,4.535418210708597
8017,3.7679630357665888
8018,4.325983898675445
8019,3.988274717223667
8020,4.02693466647561
8021,4.011906201689511
8022,3.623941355675539
8023,3.9819267772939986
8024,3.6570471448747006
8025,3.253187645705078
8026,4.115238185546308
8027,4.201874173329977
8028,4.175736825395824
8029,4.341014042163273
8030,4.264479282500069
8031,3.9100775425232177
8032,4.28331216221355
8033,4.2748884924461565
8034,3.4515694735735307
8035,3.5678160882082475
8036,4.654244262158123
8037,4.1384984975596515
8038,4.160716887806931
8039,3.446335447840495
8040,4.107236084823735
8041,4.277100956134658
8042,3.7391580316809288
8043,3.74068584745877
8044,3.839833111506889
8045,4.239072581280209
8046,3.826289638875483
8047,4.2554592606080135
8048,4.023603125735917
8049,3.8788293321361333
8050,4.452227343238241
8051,3.5886814764053687
8052,4.299935162714331
8053,2.9042408639541826
8054,4.051741749816217
8055,4.192279714676503
8056,2.881542056402458
8057,3.8363864408269923
8058,3.16716392625427
8059,3.1005748319682147
8060,4.086170961951943
8061,3.132823602735448
8062,3.5236818874957128
8063,4.0577071684574255
8064,4.1474216894705584
8065,4.0485637801989105
8066,4.08520218010499
8067,3.991744767493631
8068,4.05354131228697
8069,3.738336641177075
8070,3.9687019268214945
8071,3.9840961549662506
8072,4.408579990800492
8073,3.840602386228512
8074,3.907716550521307
8075,3.3624639638538345
8076,3.7885754200178923
8077,3.6932650964125004
8078,3.6217324089576337
8079,4.606131777717665
8080,3.9513255725237872
8081,3.9846690779821317
8082,3.9667740921827797
8083,4.480707649724021
8084,4.557623959220588
8085,4.487864114016418
8086,4.264533437311915
8087,3.9993899533302737
8088,4.205824715332983
8089,3.604082663270871
8090,3.7344637308276796
8091,4.2710735738891925
8092,3.9487172830518786
8093,4.2127904607563025
8094,4.310164371659726
8095,4.614083683238836
8096,3.1945117668071283
8097,4.426227741589016
8098,3.9541212138524235
8099,3.572198556929321
8100,3.985163431644464
8101,4.1940847854628505
8102,4.228108282636848
8103,3.6276538522842974
8104,4.502467748164257
8105,3.8807309583085288
8106,4.180557745804867
8107,4.209885076528079
8108,4.079613155404386
8109,3.9224952589570687
8110,3.630529460138279
8111,4.237483285273642
8112,3.7554285245817485
8113,4.001914633203796
8114,4.841728230303582
8115,3.9463246296445464
8116,4.031606147348124
8117,3.7707206507669535
8118,3.8626068722631337
8119,4.0703901588161
8120,4.617558580407188
8121,2.9651200636946284
8122,4.092623164322902
8123,3.609745796525607
8124,3.6007431817536992
8125,4.18581693482118
8126,4.518459347574365
8127,2.2054403018373003
8128,4.1102597917471435
8129,3.8052518443646464
8130,3.887724039745261
8131,3.6221915770120336
8132,4.148726898263146
8133,4.232331325798582
8134,4.153333510916215
8135,4.016010157289826
8136,4.4715617178746285
8137,4.204378556989971
8138,3.537366170460054
8139,3.8990636902280533
8140,2.959321962618878
8141,3.959829978080808
8142,3.95648773240892
8143,4.426118640859489
8144,3.6965588738239545
8145,4.209831332737886
8146,1.907617187516929
8147,4.059858532987954
8148,2.744428266207815
8149,3.6652026062933993
8150,3.6596267475320645
8151,2.7279512559731653
8152,4.024607570210674
8153,3.6593481705714734
8154,3.4896347188128694
8155,3.8339491782727744
8156,3.982583947798879
8157,3.7611916358318056
8158,3.435162322546834
8159,4.0750053715228525
8160,4.0025266306403395
8161,3.306104676231544
8162,4.094295174753707
8163,4.086673696193046
8164,3.9731029899849033
8165,4.226463230667194
8166,4.468893516141454
8167,3.6778211464382617
8168,2.818637245881081
8169,3.1877637894398214
8170,3.8631967396355718
8171,3.9806849405816456
8172,3.9576348973436315
8173,3.7709313856023434
8174,3.693074177130971
8175,3.633536327033131
8176,4.259921962829504
8177,2.4196168686878665
8178,4.444420724406623
8179,4.230103080787659
8180,3.3310417489129054
8181,3.669796372588171
8182,4.036959890318315
8183,3.699231146580966
8184,3.896258890045757
8185,3.433060828518191
8186,3.3743195326020436
8187,4.009776292596614
8188,3.708441915358572
8189,4.089612005663874
8190,4.04854531760093
8191,3.7694056842558474
8192,4.026861797120087
8193,3.875710955226049
8194,3.942046410525698
8195,4.54306156354684
8196,3.1815588393277427
8197,3.873138324338312
8198,4.075235030249603
8199,4.139285079327387
8200,4.757515901937698
8201,3.2820884243110804
8202,4.06376559442894
8203,3.8789446188102183
8204,4.095395959108609
8205,4.140613355001766
8206,3.5719766585441852
8207,4.143906136855154
8208,4.057578874342055
8209,3.7872419757237856
8210,3.7665302883224228
8211,3.632307805207578
8212,4.2643039910824685
8213,4.4488322052336535
8214,4.0571400288764705
8215,3.460568977772663
8216,4.214052813213754
8217,3.430239445111154
8218,3.7615757758815223
8219,3.6448662554117406
8220,4.127454028141681
8221,4.518220485132599
8222,3.757111562094035
8223,3.1313185674497044
8224,3.8270021401671652
8225,4.090769083530589
8226,3.9098006115302733
8227,4.364660814454141
8228,3.2887224530413586
8229,4.215100550916174
8230,3.321493504189837
8231,4.095898377953284
8232,3.9748678443112837
8233,4.095893451846277
8234,3.8789294938951304
8235,3.7839422391989777
8236,3.199053622314594
8237,3.4828334661779143
8238,3.891629844979703
8239,3.653131051861166
8240,3.201582579669799
8241,3.5143563729156257
8242,3.9311047935922487
8243,4.401734482479392
8244,3.998971948884847
8245,3.478858093373988
8246,3.98271708660407
8247,3.881639895105805
8248,3.974466534345166
8249,4.304485689555786
8250,3.7879457093952067
8251,4.282049574996447
8252,4.378302154943536
8253,3.8375042125202077
8254,3.9482751726211425
8255,3.38763990030003
8256,3.4674243940319287
8257,3.980238754902694
8258,2.9806313889514624
8259,4.2878822422278144
8260,3.947723975349045
8261,4.315956837305068
8262,4.004127882437908
8263,4.126706883913049
8264,4.064256697925099
8265,4.41492553347272
8266,3.1133367239096725
8267,3.612532897118145
8268,3.901364824307563
8269,3.4726421135900303
8270,3.697087630253268
8271,3.1309679481483674
8272,4.072545805013993
8273,3.753889192171172
8274,3.714599646683153
8275,4.258767959754741
8276,4.180190973324957
8277,3.99497146149308
8278,3.8226400506234435
8279,4.319820783194229
8280,4.365097344423237
8281,4.097324799938528
8282,4.070230478953229
8283,3.9949415202302343
8284,4.303419691931968
8285,3.9790453635695497
8286,2.302353511742543
8287,4.426860428297035
8288,3.845022764885053
8289,4.016998845660577
8290,4.099666285225041
8291,4.163890709179242
8292,4.116778354133693
8293,3.795210568799868
8294,4.442738460949349
8295,3.194912419540725
8296,4.171320627173235
8297,3.5475564924391607
8298,4.880254823687248
8299,2.808518855167203
8300,3.108454917995767
8301,3.9862289182886435
8302,4.333676959392043
8303,3.851195593926904
8304,4.080726703371282
8305,3.9318322567506616
8306,4.566873626297513
8307,4.232248132719595
8308,4.290975042139313
8309,3.507282506479114
8310,3.9149047496604665
8311,4.249082599928928
8312,4.603147509074214
8313,4.273956365924399
8314,3.2317990596115047
8315,4.073011147808309
8316,4.009467145583985
8317,3.8099783816526718
8318,4.211020123126028
8319,3.155575580058111
8320,4.0364268148102
8321,4.286726202583749
8322,4.149715913695247
8323,3.707201747638066
8324,3.584023225899071
8325,4.106251660892097
8326,4.359826076365652
8327,3.755835586400556
8328,4.06132498686159
8329,3.2107637486930827
8330,4.30405762573667
8331,4.268379376097116
8332,3.896838424326265
8333,3.3866433489525782
8334,4.09257960179271
8335,3.5041154205852356
8336,4.090513942794537
8337,3.604149488952787
8338,4.163605297769223
8339,3.7883374380524306
8340,3.478962888204082
8341,4.146381145574807
8342,3.9142246948061676
8343,2.977479194592367
8344,4.244077983501739
8345,3.9076885493939697
8346,3.208778191569693
8347,3.0383518473180726
8348,3.877124667811792
8349,4.061722672845654
8350,3.3392061757234224
8351,4.107569708403391
8352,3.6340602010043996
8353,3.36885466816683
8354,4.092433810002494
8355,3.642595313120651
8356,4.120291041175871
8357,3.773621373187118
8358,3.815951149806859
8359,3.5847011375483655
8360,4.059456015227283
8361,4.166728568151932
8362,3.999206492367558
8363,3.478835827264107
8364,3.4980736194294306
8365,3.7690998972414027
8366,3.648425432067394
8367,4.036265038274087
8368,4.409321548896277
8369,3.4265595801510402
8370,3.1624211215610467
8371,4.052951799027328
8372,4.11510104165445
8373,2.1891643082028662
8374,3.2322426030206732
8375,4.385984212203291
8376,4.585776496841827
8377,3.922304167617576
8378,4.0294742823045615
8379,4.327904294260804
8380,3.3577999455482987
8381,4.310485293452744
8382,3.9438576497070104
8383,4.366552565252458
8384,3.4943303578973293
8385,3.9044252035268285
8386,4.19030535534673
8387,4.062439811368308
8388,4.162158360242731
8389,3.282183351580289
8390,4.203381119453783
8391,3.8181526551422067
8392,3.5214562360117867
8393,4.124593808645535
8394,4.180373467364792
8395,4.157402106319036
8396,3.7183090500946343
8397,3.680349672337758
8398,3.3574770181668008
8399,4.047817252624616
8400,4.096038222475504
8401,4.902393150500643
8402,3.8567763193459053
8403,4.609860306166336
8404,4.017628800966409
8405,4.47624674905935
8406,4.260448763051301
8407,3.7166077942907676
8408,4.852236761468129
8409,4.180910870079172
8410,3.933091340799169
8411,4.156443766759777
8412,3.619949620354858
8413,3.8925956302897244
8414,4.153722332606473
8415,3.4093260494956166
8416,4.0973750334894845
8417,4.017732679502299
8418,4.695922277342553
8419,3.9533909160258944
8420,3.7653145014453244
8421,4.077363827394731
8422,3.6659476231989414
8423,4.157581284872248
8424,3.2367192660990938
8425,3.9708037451380602
8426,4.055640366006521
8427,3.884944644140889
8428,4.299026211011119
8429,3.729322459460333
8430,4.343079140301268
8431,4.1096946194468895
8432,4.346173367679417
8433,3.892670530021858
8434,3.9682998004348686
8435,3.9085298709668943
8436,3.5203890742225314
8437,4.130658712503934
8438,4.0107862728297485
8439,3.3758578978080243
8440,3.134911226939486
8441,4.1150493199586275
8442,4.079209534185281
8443,4.1548320225379305
8444,3.8578022370813803
8445,3.6363948566362128
8446,3.619049404536493
8447,3.626856893311796
8448,3.41820400654874
8449,3.4693049071618014
8450,3.3687829502330335
8451,2.8095424799093083
8452,3.2495824918328275
8453,4.19318070435384
8454,4.168685909989273
8455,3.7062186991114245
8456,3.824465354897727
8457,3.710728260232597
8458,4.046763800676171
8459,4.420452430191533
8460,3.6754844501803827
8461,3.765436244238674
8462,3.460327944216721
8463,4.13583333159966
8464,3.9958532833280627
8465,3.6041063579890893
8466,4.680840941583183
8467,2.6020041902308666
8468,3.1739191030373193
8469,4.239851819407604
8470,3.7242086715477245
8471,4.055855989578653
8472,4.230604584199226
8473,4.167266896667028
8474,4.0410976169775354
8475,3.9609084003516646
8476,4.224117851684365
8477,4.191262209548628
8478,3.7474515090803155
8479,4.0670151844699785
8480,3.362197766239393
8481,4.224070481578965
8482,3.5125722643266233
8483,3.5715371459465244
8484,4.242555788797226
8485,3.872020015124414
8486,4.775767660714206
8487,4.247173936700521
8488,4.088944701656503
8489,4.633111707466719
8490,4.271590907643702
8491,4.325970047319454
8492,4.238064904690828
8493,4.427000664409317
8494,3.512420441800075
8495,4.104263961334661
8496,4.533015336924681
8497,2.5646435860542205
8498,3.4572677379139045
8499,4.269971696938098
8500,3.706269914985927
8501,4.0780157649028705
8502,3.147865563842908
8503,4.098640116625966
8504,3.692359201388213
8505,2.9379057468418774
8506,4.128833528279993
8507,4.088192295561196
8508,3.325362904608798
8509,4.34070826836547
8510,3.9409209883486374
8511,3.774313314148016
8512,4.289287586269409
8513,3.742628046226092
8514,4.262194879907086
8515,3.674904542897087
8516,3.3311203657280135
8517,3.646020133500862
8518,2.947979449438383
8519,4.475405844262225
8520,4.324820809062887
8521,3.7630185848742728
8522,2.9240971369401594
8523,3.5908331233317172
8524,3.664664173678686
8525,3.7845744358021074
8526,4.894166516814775
8527,3.635056346697773
8528,3.441360278894018
8529,3.821145671853997
8530,4.174772579303853
8531,3.953435233511497
8532,4.046100993060371
8533,3.6315711030048146
8534,4.148244623479969
8535,4.055432848427617
8536,3.414712159431992
8537,3.5270907090333377
8538,4.162693552568101
8539,4.097929683112721
8540,4.0316345512072695
8541,3.905607875566646
8542,3.22032035621089
8543,3.49113499972342
8544,3.8688240390704847
8545,3.969518906769583
8546,3.929476766295933
8547,3.9266394681420613
8548,4.330822171214992
8549,3.2203259840690595
8550,3.792346184406263
8551,4.243305340452686
8552,4.221254913110932
8553,4.328117205549091
8554,3.7073812625136675
8555,4.626125110995444
8556,3.7458496405735926
8557,3.984498928435258
8558,3.6135891384979524
8559,4.025773566788781
8560,3.062432592109016
8561,4.081359924044589
8562,4.387643669155789
8563,3.3357538228517276
8564,4.1878921440147225
8565,4.376097504698053
8566,4.197724512691559
8567,4.220961544544505
8568,3.2553083926068145
8569,2.441696406358279
8570,4.034174052443403
8571,4.278518305084384
8572,3.3098912700650436
8573,1.955603257087086
8574,3.8890791093565276
8575,3.9979958201741987
8576,3.6663967202841437
8577,3.806490656954063
8578,3.6945290480912
8579,4.029327827113229
8580,4.428120284492959
8581,4.01030294269549
8582,3.7187796604006405
8583,4.367989934321627
8584,3.8344890440106205
8585,3.856381451102437
8586,4.318438111559459
8587,3.7765131861032644
8588,4.7733184671223325
8589,4.478859721733022
8590,4.105474770757903
8591,4.242349550257174
8592,4.061686976256053
8593,4.119753367957409
8594,3.7828333690957505
8595,3.0610960677920374
8596,4.211475475345678
8597,3.832753988356658
8598,3.5702097009992384
8599,3.7142045263376207
8600,3.8705370301377884
8601,2.842766991518775
8602,2.810180394432394
8603,3.6749489963581485
8604,3.4741054098646362
8605,3.7952629500247195
8606,3.950208319481782
8607,3.80771486810399
8608,3.9482421996712
8609,4.263283357185572
8610,3.2128076227179383
8611,4.382393299422172
8612,3.693746583813121
8613,3.85721089625753
8614,3.6611444350814266
8615,4.322946593338786
8616,4.443014621727033
8617,3.937460397237144
8618,3.8586645359411786
8619,4.3057007935069
8620,4.226622260897262
8621,2.2507670419859407
8622,4.198181291962241
8623,4.763986628206601
8624,3.071562543988092
8625,2.8652836864039184
8626,4.226368868077398
8627,4.1385116856023645
8628,4.2453481808971025
8629,4.114467242584528
8630,4.102793049185088
8631,3.9818092468160073
8632,3.1509181406072897
8633,3.83114523402954
8634,3.7590993094255802
8635,3.2564114460846882
8636,3.507059753564347
8637,3.420587199889657
8638,4.218005266417755
8639,3.2218865660138682
8640,3.1069179957651807
8641,4.286719224542491
8642,2.3819699795449503
8643,3.869783435202311
8644,4.360243652822923
8645,3.1936544584843998
8646,3.5406983538692
8647,3.464474697458847
8648,4.191703027915768
8649,4.60899759826325
8650,3.673998042221624
8651,4.084249147941909
8652,2.8756833950580196
8653,4.005061371904292
8654,4.415045421262546
8655,3.3431366103047724
8656,3.852496138658375
8657,4.241347352223386
8658,2.8290813095126763
8659,3.379571090430776
8660,3.9741321730196915
8661,4.021000309485431
8662,4.351459426053266
8663,4.560851529357778
8664,3.3119345460361767
8665,3.9498059099792893
8666,4.114036892942826
8667,4.481772902536305
8668,3.8190348021832747
8669,3.626682606033124
8670,3.8732625835892063
8671,3.5847900552808154
8672,3.9045069376700736
8673,2.8436820161133802
8674,4.571070798315189
8675,3.2819313583137473
8676,4.153807834095865
8677,3.88378993151384
8678,3.75160083194904
8679,3.9146158427133813
8680,2.958793536288303
8681,3.7324627006595636
8682,3.9320355406875884
8683,3.92874866144688
8684,4.277894190850563
8685,3.828936587285007
8686,3.9140562683648623
8687,4.1752678337024065
8688,4.279759240126899
8689,4.020130236464039
8690,4.147043538278875
8691,4.051006391981451
8692,4.307175788075329
8693,3.900730069878284
8694,2.8194817697913637
8695,3.978961795600458
8696,4.101555510272456
8697,3.9627593469689932
8698,3.9403772388468217
8699,3.738698635587522
8700,4.333246900463165
8701,4.447392709381887
8702,3.983308427944643
8703,4.0630265395629035
8704,3.9093676129123938
8705,3.3797089119825348
8706,3.5897398941443246
8707,4.09964137520164
8708,4.272546523840695
8709,3.330720780388588
8710,4.016360469160008
8711,3.4242791187347694
8712,4.150452856076076
8713,4.265816413783624
8714,3.752183973182482
8715,4.475645045749217
8716,3.8935963731076955
8717,4.213095161139487
8718,3.5985198308299697
8719,4.224506159873282
8720,3.8595138372312023
8721,3.7432059890024765
8722,3.7650899828875315
8723,3.222955762433235
8724,4.193831550317544
8725,2.8833407618850226
8726,3.769285390231144
8727,4.028458282664643
8728,3.512916091981845
8729,4.363616023770021
8730,3.2865671581017444
8731,3.91422874248415
8732,4.1470638594945095
8733,3.906339553675889
8734,3.656999771781443
8735,3.947052109699433
8736,3.529890988881467
8737,4.304403164606722
8738,4.270201743107076
8739,4.190014622501627
8740,3.7649275815252636
8741,3.8401762121973495
8742,3.7565618050729834
8743,3.908125703438902
8744,3.307672654394112
8745,3.9519423015892894
8746,4.094474801909173
8747,4.003514230998774
8748,4.962558949778598
8749,4.048574407636595
8750,4.321114822331895
8751,4.170793455408243
8752,3.456069286289962
8753,3.989072818305887
8754,3.4098381767993473
8755,4.144956676422643
8756,2.9668540296491424
8757,4.2372843360565655
8758,4.016591138617658
8759,4.393266979459473
8760,3.603578989738942
8761,3.804668291507549
8762,2.090864252953943
8763,3.7380651659074493
8764,3.725757022033311
8765,3.9464974065101304
8766,4.169025909038362
8767,3.771009028724453
8768,3.9843674142781604
8769,3.8383466524420817
8770,4.053643477004955
8771,4.414307834385322
8772,4.069923167892696
8773,4.190095574833277
8774,3.821757964907777
8775,3.9529526433138487
8776,4.075158187546103
8777,4.191155483657683
8778,3.425217726583728
8779,3.356067120889483
8780,3.6498117023403394
8781,3.271524150812182
8782,4.390036982771823
8783,4.725174476352814
8784,4.182190013372243
8785,4.134729638653995
8786,3.9646139813296712
8787,3.1917959115753156
8788,3.761679742725183
8789,3.858223999566761
8790,3.8272229923191508
8791,2.6995160108793663
8792,3.7646489191845944
8793,3.9323305054394986
8794,4.451064829409618
8795,4.271907093214429
8796,4.497567950853456
8797,2.5193267142453553
8798,3.9991332397154706
8799,4.214699343626257
8800,3.553158393233197
8801,3.8854896190810915
8802,3.4432562358255567
8803,3.8421790593746343
8804,3.8685066464351996
8805,3.59805855369927
8806,3.8242093269171864
8807,3.967608516663523
8808,4.773419771053909
8809,3.929360695295718
8810,4.585660289714203
8811,2.6483613588654684
8812,3.977258131203551
8813,4.704307251832163
8814,3.7407920298078468
8815,4.505033701483006
8816,3.5251306090325127
8817,3.7153134816292472
8818,3.6383156714099805
8819,3.5578058589516037
8820,2.441585935545521
8821,3.9581466607985463
8822,3.174282246879088
8823,4.302065929034103
8824,3.836973948517612
8825,3.4140956631893715
8826,3.6842371289578097
8827,3.9704138114829997
8828,3.839740014111893
8829,3.323139916947195
8830,3.309622480055401
8831,4.634415326808856
8832,3.5710807613629267
8833,4.302053312169607
8834,3.6579737324449417
8835,3.6617820886169277
8836,3.3865416350607447
8837,3.9038306917046635
8838,3.8048810177908
8839,3.69400265755227
8840,4.089395069741766
8841,3.952294019119504
8842,4.4374452835504075
8843,4.290245690532014
8844,4.002273944507416
8845,4.390707307281677
8846,4.081703564356129
8847,3.007661819959604
8848,3.47521705339274
8849,2.973667496424355
8850,2.3610265806117052
8851,4.133757081430024
8852,3.3615872443009205
8853,3.9570230877732446
8854,3.799614233812473
8855,3.520991186148678
8856,4.071382768321261
8857,3.9396888648857877
8858,3.3244617778099137
8859,3.270264413502922
8860,4.047573298709929
8861,3.156489677441302
8862,3.4836411323933887
8863,4.234197594584672
8864,3.935392535528268
8865,4.298027007035752
8866,4.105596879414717
8867,4.101368338566317
8868,4.390743697659342
8869,3.7484342062713893
8870,4.076660937756153
8871,3.82494790078239
8872,4.219339894658941
8873,3.2589978770561205
8874,3.1261572986085695
8875,3.5773769837714458
8876,3.548837795599788
8877,4.622359374803256
8878,4.184624721573871
8879,3.9322006446208735
8880,4.148694452748883
8881,4.186244121999355
8882,3.322363881550856
8883,3.3245258885363103
8884,3.575270066320498
8885,3.723973523146406
8886,3.0061662533478475
8887,3.625697155312668
8888,4.607441117174551
8889,3.382730097732342
8890,4.294342944977258
8891,4.01048118638192
8892,3.7182586111765987
8893,4.036063990501889
8894,3.943205160440252
8895,4.887024637552931
8896,4.248045976985778
8897,4.203884739218959
8898,3.6352681072605915
8899,4.557831252048288
8900,3.769245872190324
8901,4.022471140624857
8902,3.1533006064044806
8903,3.797902769927263
8904,4.093598327163327
8905,3.592183908061374
8906,3.59259920399748
8907,4.18820916694562
8908,2.823967558123607
8909,3.990533581466223
8910,4.143561912617014
8911,4.286882937214121
8912,4.602724228423507
8913,4.081027024408044
8914,4.173046591311967
8915,4.280530062860003
8916,3.7065723031842683
8917,3.2640032988702044
8918,4.471913037324794
8919,4.462093262798453
8920,3.4714611090985925
8921,3.345193803961447
8922,4.190465701034894
8923,4.0653167140837185
8924,3.757196620925508
8925,3.744768798024223
8926,4.277639720176002
8927,4.072042688621819
8928,3.1630959810365344
8929,4.21541787997112
8930,4.8105566891897
8931,3.3720150922650425
8932,4.101886227880711
8933,2.9652692726871694
8934,4.0051986693371475
8935,3.8499852490981255
8936,3.8539019348818546
8937,3.4143522220484295
8938,3.69069036574421
8939,4.025747277429296
8940,3.921593289785715
8941,3.5055004288181677
8942,3.9714138874385223
8943,3.553637231461934
8944,3.6220913343904733
8945,4.107406272418671
8946,3.931368277581084
8947,3.54419418882889
8948,4.076114347893415
8949,3.7971571073688852
8950,3.922701130942548
8951,2.856669514578937
8952,4.223909186835087
8953,3.5616748980532122
8954,3.890614093684428
8955,3.4684180227903187
8956,3.603687725168439
8957,4.17140223240735
8958,4.1240085486344915
8959,4.182561554226226
8960,4.286365574332113
8961,3.694961472574313
8962,4.1494881176382075
8963,3.923447249899216
8964,4.439147044440163
8965,4.328320132264417
8966,4.018258934447816
8967,4.138848899873146
8968,3.84433804460503
8969,4.391566650940698
8970,4.153706067560341
8971,3.774572421455132
8972,3.091505359979136
8973,3.180404202769123
8974,4.130946474126287
8975,3.9630664951570425
8976,4.1018561149940185
8977,4.228356564062644
8978,3.8892290966109155
8979,4.341657615720974
8980,3.328038964313606
8981,4.111337246787635
8982,3.0589139587303396
8983,4.3601598335709255
8984,3.9123053532243004
8985,3.9378051252133277
8986,4.276750862402866
8987,3.7644581457152677
8988,4.3259950156987035
8989,4.202030073182356
8990,3.519270619919998
8991,4.402631895004195
8992,4.161139170143516
8993,3.4186532092164046
8994,3.7250083992164997
8995,4.250773385579476
8996,3.6843063039637785
8997,3.7109024441572456
8998,3.6926945047967488
8999,4.156032994449845
9000,4.028247186860402
9001,4.149704926088974
9002,4.466611234329415
9003,3.951478568500207
9004,2.7461715208723687
9005,4.450190297108372
9006,4.230977266951221
9007,3.54851429374124
9008,3.4289815202377425
9009,4.017095897253222
9010,4.271402176737915
9011,3.975443944153139
9012,3.9325908059085006
9013,3.753629061697832
9014,3.964622394551767
9015,3.759307497263496
9016,4.340344453117472
9017,4.218364584818267
9018,3.873248581661194
9019,3.7577926351458877
9020,3.7391777578495184
9021,4.259412509683951
9022,4.5875247968849
9023,2.8447376949423995
9024,3.906192843477577
9025,3.452710436384796
9026,4.14060402330562
9027,3.5563567783409815
9028,3.983877990689667
9029,3.4577655470824316
9030,3.906792925290742
9031,4.073732579154784
9032,4.445536591206343
9033,3.6794989150285393
9034,4.259877812658112
9035,4.178682676414937
9036,3.4919706692961836
9037,4.319768283808679
9038,4.060054908679695
9039,2.5261008175315984
9040,3.777838836295505
9041,3.5614777418066748
9042,3.2720676923382337
9043,4.001039645048686
9044,3.709177464550463
9045,3.7377202157182783
9046,3.397134736497459
9047,2.1906057093811375
9048,4.50988439077121
9049,4.138464242950285
9050,4.302151655696427
9051,3.8526353372254003
9052,3.800111548229617
9053,3.7943531209177412
9054,2.7041348544686294
9055,3.8073064636665297
9056,3.6667197508055502
9057,4.41057196258545
9058,3.8154557459299325
9059,3.9353682111992008
9060,4.04313910800232
9061,4.012883727300455
9062,3.3602611243372347
9063,3.7286188795457607
9064,4.157487160080774
9065,3.9147992192424694
9066,3.3202417867066654
9067,3.7405137012453866
9068,3.8678872978121217
9069,3.5151240851101786
9070,4.032584160303394
9071,3.597272346794387
9072,4.130427341513017
9073,4.356688678319905
9074,3.332570774704993
9075,2.9545135686562363
9076,3.5958860296995248
9077,4.317998335067337
9078,3.4220998027479608
9079,4.174555604704789
9080,3.818355477655486
9081,4.2084094116739585
9082,3.6492595678499318
9083,4.001184294297644
9084,4.149419460526783
9085,4.274079591110366
9086,3.90027205298612
9087,4.59724155694371
9088,3.3857290759950938
9089,4.200737950764318
9090,3.685147264408301
9091,3.2943838998059314
9092,4.001708565282061
9093,3.679146881818541
9094,3.699991191547915
9095,4.142007236034801
9096,4.109727226320094
9097,3.2443212924082934
9098,3.5876083790800433
9099,3.4277965699180353
9100,4.34784332560342
9101,4.33579126549625
9102,4.2184384882998955
9103,4.039713059020122
9104,3.713715928291106
9105,3.336079569230668
9106,3.7034692926017647
9107,4.139181090072481
9108,4.296437233549659
9109,4.371313411623054
9110,3.9152779142105283
9111,4.429229847849771
9112,3.96460318929547
9113,4.123985858268008
9114,4.025655198352558
9115,3.82570980948912
9116,4.094301742352531
9117,4.2157563897991155
9118,4.353821997875848
9119,4.07707976858928
9120,4.044092274613848
9121,3.7888896358833564
9122,4.024164093201152
9123,3.7571454883502384
9124,3.616242962483827
9125,3.789572155632138
9126,3.553589963818718
9127,4.355091984169765
9128,4.0173259810903
9129,3.376450316539745
9130,2.7368118304694464
9131,4.303927289658936
9132,3.9607594263759824
9133,3.775379874763031
9134,3.994717200748391
9135,4.002114685060849
9136,4.185157082146382
9137,3.7744743036712727
9138,4.150941771602207
9139,3.240654550376652
9140,5.112074325598984
9141,3.642758388420803
9142,4.229332110151222
9143,3.229851826833666
9144,3.9164333914548237
9145,4.001937012652295
9146,4.226632635236569
9147,2.6021040839346634
9148,3.4280673342754966
9149,4.343897165065187
9150,4.140098067705741
9151,4.526146237400792
9152,4.170707727811569
9153,4.492627005920748
9154,4.143323820634864
9155,4.063265010261855
9156,4.1154798373019705
9157,3.9638831824602474
9158,3.3620523897556174
9159,3.7325105077000664
9160,2.7272595226772895
9161,3.100430889526101
9162,3.8877003148652647
9163,4.280837814126836
9164,4.0977138259219075
9165,4.109335143683171
9166,3.816165532020444
9167,3.8429765019926303
9168,4.092789194684927
9169,4.061380234602496
9170,4.1061458921299465
9171,3.2406175620571505
9172,4.220518233520391
9173,4.295738605842151
9174,3.962814837041049
9175,4.479300345369064
9176,3.5982652386526404
9177,4.297186963759908
9178,3.1293092378252125
9179,3.7948296839501423
9180,3.681841053312919
9181,4.183106442687335
9182,2.211764158021312
9183,4.401226313652188
9184,3.505629766029053
9185,3.2219088392512547
9186,3.794165823347259
9187,4.261578281525989
9188,3.384999633881553
9189,4.1786075662111415
9190,1.898305538253702
9191,4.241021340627031
9192,4.00670043224808
9193,4.334132088403295
9194,4.1324787558011415
9195,4.152633699273332
9196,3.782225328781838
9197,4.215563186213577
9198,3.970765041832454
9199,4.4201051833909215
9200,3.788014889836864
9201,3.5759606561883506
9202,3.758777673585694
9203,3.728339284559048
9204,4.045668779178917
9205,4.044417690706322
9206,4.250215364991808
9207,3.562689020559848
9208,4.048657472681478
9209,3.8987207178332324
9210,4.537159417678647
9211,3.1351546801077386
9212,3.8188752502475825
9213,3.80451051308307
9214,4.372303165862613
9215,4.3366656926186105
9216,4.230487452317087
9217,3.7436105713127685
9218,4.076951334932044
9219,4.24858654226254
9220,4.011740466239649
9221,4.248751474826053
9222,3.3948381585361536
9223,3.8937096836967884
9224,3.220123676867969
9225,3.6085355693145886
9226,3.999554490888865
9227,2.1809707092711434
9228,3.2245824741349973
9229,3.4410451859940485
9230,4.20541866869957
9231,3.668775915251953
9232,3.9482253879678044
9233,4.431997850402772
9234,4.192465430781936
9235,2.3710704790967
9236,4.000476272775306
9237,3.8964859082205177
9238,3.672915487553178
9239,3.755685024834026
9240,3.918981894794734
9241,4.800047831469334
9242,4.140672004346575
9243,4.577371803422359
9244,3.730172973935354
9245,3.3144348094745504
9246,4.420010987809718
9247,3.8946434869069826
9248,4.404944649239521
9249,4.104918969925985
9250,4.188901672792961
9251,2.9371013930016
9252,4.7880579288876195
9253,3.417052696210952
9254,3.7553028347190223
9255,4.297144126938758
9256,3.9796205143928223
9257,4.26922071868874
9258,3.849445324457793
9259,4.019859347942748
9260,3.7267301072666967
9261,4.266446562314629
9262,3.934361878632074
9263,3.105285490416165
9264,3.627529746903491
9265,4.178136002448518
9266,3.6154794252742377
9267,3.622673983590117
9268,4.329746295996387
9269,3.959596763599971
9270,4.60712200758932
9271,4.646760941633198
9272,4.216854948568671
9273,3.4127161515726523
9274,2.663188263035039
9275,4.4674479198714225
9276,4.218191666143539
9277,3.9164026520262096
9278,3.354752787261647
9279,4.216927633849352
9280,3.23002810629527
9281,4.241905322145003
9282,4.2299593127344055
9283,3.608037377066062
9284,4.392089456597009
9285,3.9852776950247812
9286,3.736664044084759
9287,4.42521357206323
9288,2.480173710538737
9289,3.649900284472765
9290,3.558630302803873
9291,4.414359409397283
9292,3.3728322395166415
9293,3.503382374592989
9294,3.784171805337861
9295,2.6174444763555953
9296,4.516336796565962
9297,3.830060659184035
9298,3.355350879541617
9299,2.8802576500880877
9300,3.898404530187121
9301,4.344328857187253
9302,4.12102678582232
9303,4.5188883931983295
9304,3.0482536623620726
9305,4.067594104113121
9306,3.9901664235062118
9307,3.9183243595676784
9308,4.210721557468194
9309,4.066726157948906
9310,2.93965921342681
9311,4.3647138379012125
9312,2.701141081063788
9313,4.562305578610877
9314,3.7165221187980353
9315,3.4492371151180636
9316,4.167506011593209
9317,3.9806314028719267
9318,3.533119038360029
9319,4.330995299685231
9320,3.8130610804707006
9321,4.242977965151935
9322,3.783096424738545
9323,3.5773864207224273
9324,3.3602428944999714
9325,3.27386749401598
9326,3.67333415979428
9327,4.672380710597401
9328,2.818911175532977
9329,3.80027149612397
9330,3.3938386181289744
9331,3.6771753741158415
9332,4.169924792321603
9333,3.939669031585129
9334,3.6785040660508446
9335,3.686423422219557
9336,3.7075667074011305
9337,4.135738827370399
9338,4.276339406207285
9339,4.069780731579628
9340,4.174870590614959
9341,2.9175022755746403
9342,3.9507547784375543
9343,3.405422614242885
9344,3.684176530284937
9345,3.432136242600301
9346,3.720982734098712
9347,3.427367221356191
9348,3.5011864890721527
9349,3.8617705238110536
9350,3.610700078460171
9351,3.9195329949287534
9352,4.0736099896322395
9353,3.370792204687068
9354,3.8466307987237793
9355,4.235124671867146
9356,3.8379520098124646
9357,4.247820077640604
9358,4.047624238309685
9359,3.613120979880167
9360,2.653098927846417
9361,3.9940153944211865
9362,4.1342375571890155
9363,3.860215869598903
9364,3.375957704722587
9365,3.6209855006135987
9366,4.326001656409948
9367,4.060940448226342
9368,4.831647910012468
9369,4.2074020777625245
9370,4.392102945037834
9371,3.7792409465658903
9372,4.234907934420215
9373,3.7667089255980177
9374,3.4104370219004627
9375,3.8929301395742413
9376,3.4913736360815313
9377,3.945581697748673
9378,3.912142599428931
9379,4.596734212293764
9380,3.9040967955310504
9381,4.141912603351324
9382,4.383693828714746
9383,3.42685884575772
9384,4.070319808596838
9385,3.806473041453232
9386,4.400145490036097
9387,4.065238818677932
9388,4.263649311264511
9389,4.266509376143347
9390,3.8441926556015464
9391,2.656351281454174
9392,3.3580033800050475
9393,4.215766075420078
9394,4.34717947105664
9395,3.4905232768669205
9396,3.863011167309765
9397,4.273686584068272
9398,3.7912846175107204
9399,3.1880870649956177
9400,3.904303936794642
9401,4.023127034494309
9402,3.7280720961479736
9403,4.475222268187303
9404,3.6830330974214647
9405,4.267371925272001
9406,3.9071827808732906
9407,3.0442115014095097
9408,4.297133723115921
9409,3.878535591507053
9410,3.9475233667292904
9411,4.0914182413987
9412,2.925160791029887
9413,4.2588840173364275
9414,3.963764641760744
9415,3.7304834528232673
9416,3.6153655663733666
9417,3.568880281312071
9418,4.329872228060207
9419,3.5606955424092623
9420,4.138973430708271
9421,4.355867901406218
9422,4.027458113251326
9423,3.5721265658303514
9424,3.1803769928983896
9425,3.76063128831468
9426,3.63900392004806
9427,3.941247738427
9428,4.147322285058661
9429,3.419402383496952
9430,2.8985864422981433
9431,3.463264142383424
9432,3.70997190534126
9433,3.816120374478477
9434,3.42001196160843
9435,3.3886620334024635
9436,3.692078233202461
9437,3.46058216282198
9438,3.7401514019266977
9439,4.0480378915530135
9440,2.918272667959057
9441,4.04240467211013
9442,3.762493446096024
9443,4.312282880776063
9444,4.057672548335841
9445,4.166547019061056
9446,4.520194239124351
9447,3.7221500196091117
9448,4.031932196297939
9449,4.163712123935218
9450,2.9343613122680536
9451,4.330369739524452
9452,4.475330289134887
9453,4.019540990869039
9454,3.8719800354997966
9455,3.6493732609538716
9456,3.8516153590648488
9457,4.646397442225451
9458,3.870513598935395
9459,3.901140291027669
9460,4.044225191736548
9461,3.0691185070081737
9462,3.9685259846268637
9463,3.827573869750936
9464,3.5885434264657845
9465,4.13505374104683
9466,3.1452074779292962
9467,3.901599205055611
9468,4.004778741245463
9469,3.8512930598241066
9470,4.13932143556825
9471,3.3546414004154763
9472,4.007043500979062
9473,3.4118928142794784
9474,4.235870398675604
9475,3.591641385953443
9476,4.338521545327153
9477,4.748398537924195
9478,3.092307933858781
9479,4.179106018200614
9480,4.1900493897590225
9481,2.403068185988921
9482,4.291169411228169
9483,3.9708926703886194
9484,4.48743713000415
9485,3.7237240829776086
9486,4.123329736907437
9487,2.982833073628291
9488,4.32513286237049
9489,4.1279678712967725
9490,4.143600827029008
9491,4.0934248546691245
9492,3.911983020464393
9493,3.9339032373692144
9494,2.6800029495243085
9495,4.487269634953784
9496,3.4856178628682004
9497,3.8318132654579373
9498,4.241724719644036
9499,2.6316932059415388
9500,3.852014817493662
9501,3.7891332885652367
9502,4.25197836828856
9503,3.8734342422885635
9504,3.906908157164697
9505,4.300394255120721
9506,3.9375410296277384
9507,3.739750627339918
9508,3.7793225051015433
9509,3.2142702748266876
9510,4.080943613686359
9511,3.9435895870725175
9512,4.048290888344733
9513,3.811402903079464
9514,3.827853745489716
9515,4.00218059607638
9516,4.288604177325264
9517,2.877343712479625
9518,3.785402123930232
9519,3.8936900930415987
9520,3.941441994475271
9521,4.046143478014727
9522,3.507527546035885
9523,3.847268909832058
9524,3.881257108384516
9525,2.9978978777696232
9526,3.6939507522424426
9527,3.587879642240488
9528,3.5774381359196123
9529,3.743953205317884
9530,4.148179821208592
9531,4.339230821749422
9532,2.9804756159909847
9533,3.2158390200983686
9534,2.6548907250689493
9535,2.7626229968917997
9536,4.259627673151534
9537,3.8243306865397324
9538,4.317899831667536
9539,3.743023396733182
9540,2.840817506969844
9541,3.8450276464056166
9542,4.286577584952969
9543,3.560280686098367
9544,3.2182539149214326
9545,3.8403076262306852
9546,3.986205473426508
9547,3.4597331868344434
9548,4.0766038283826
9549,3.05329825843532
9550,4.433793541876519
9551,3.4544842069061312
9552,3.8994902332370116
9553,4.377955733273465
9554,3.9142530552265633
9555,4.090674552298862
9556,3.386107534838541
9557,2.3664677944985404
9558,3.9118822410208263
9559,4.074176912929067
9560,3.441726202586738
9561,4.290829314936509
9562,4.269123738437143
9563,4.071106395695877
9564,2.9573835934504196
9565,4.249860680667194
9566,4.220580349631775
9567,3.6911679006346345
9568,4.310212723305808
9569,4.2068857326477715
9570,3.8805457742073024
9571,3.9664982734292713
9572,3.918593573701572
9573,3.5285003549565572
9574,3.7040103935580015
9575,4.318026781122857
9576,4.202610058717308
9577,4.183045237350344
9578,4.030195293972107
9579,4.102742068703011
9580,4.358568691872345
9581,4.36242916404735
9582,3.346010321687308
9583,4.087632465218508
9584,3.0753056655353843
9585,4.225234329737736
9586,3.6258392403951185
9587,3.4925687481069527
9588,3.456385131538611
9589,4.300699325747558
9590,4.56720412722628
9591,3.4801718621401037
9592,3.6979590606354535
9593,4.089731534093389
9594,3.9253303589243655
9595,3.923672087927637
9596,3.926684923281168
9597,3.863261274376925
9598,3.8496439234815916
9599,2.6343657433684378
9600,4.42834767698729
9601,4.415233705242875
9602,4.108227203792571
9603,4.276680536423134
9604,3.354088275830175
9605,4.0437997385179205
9606,4.274544422806529
9607,3.9160695199769866
9608,3.5319874857834126
9609,4.07767237442225
9610,3.6383877947604684
9611,3.5151937447737205
9612,3.73655381528959
9613,4.45933483100101
9614,3.9366346275945387
9615,4.068870534161279
9616,4.103876631158805
9617,3.9081657986787732
9618,3.9984608033383884
9619,3.5388056804136148
9620,3.9410295733101317
9621,3.8910565499146355
9622,3.237493362627559
9623,3.957943610792288
9624,4.01331778430327
9625,3.9573031846317805
9626,4.3615062052684985
9627,4.07808879805057
9628,4.044992890581386
9629,3.9341524957244305
9630,3.906166982188128
9631,4.386872787182481
9632,3.87600512984408
9633,4.3823785156227215
9634,3.8404668976576777
9635,2.195067466931647
9636,3.6007348410275153
9637,3.0114409959565647
9638,4.010470640537893
9639,3.9701625177302677
9640,4.127766400092389
9641,4.162563054087527
9642,3.6369226934596735
9643,3.9686125678283903
9644,4.210098461501234
9645,3.9912744136294735
9646,4.722258100524443
9647,3.512588330865196
9648,3.984660171910618
9649,4.703394080332205
9650,3.4890848817902813
9651,4.215616294216124
9652,3.8172522783365914
9653,3.8951165133339836
9654,3.703877731075175
9655,3.4374238240180888
9656,3.8105455768649623
9657,4.287865856109215
9658,4.1790151917226375
9659,3.856241461552849
9660,4.174886717956652
9661,4.147812582898962
9662,4.2042302820104585
9663,4.400557856731711
9664,4.230872117939845
9665,4.2183760315800995
9666,4.1056654740399745
9667,3.694214337635206
9668,3.7897087228762607
9669,3.9528227528448716
9670,3.5416595167459106
9671,3.724076394682047
9672,3.4043753284515614
9673,4.228130257534868
9674,3.3013971561732705
9675,3.7118683992206987
9676,4.1028901950739085
9677,2.917830540734106
9678,4.202380373531324
9679,3.9420543419051297
9680,4.217342749983939
9681,4.187008625603573
9682,3.9476813196703806
9683,4.423943591234724
9684,4.689527185124799
9685,4.050700083060027
9686,4.227932544491096
9687,3.7092403847911193
9688,4.289807358770579
9689,4.145851181820095
9690,2.543363355903224
9691,4.546654361653147
9692,4.022084186020779
9693,4.090911181523379
9694,3.901196448279623
9695,3.498977674713627
9696,3.8346499024826075
9697,4.679622592978719
9698,3.736053355885786
9699,3.7773674336227616
9700,4.491796852598405
9701,3.5318792641392256
9702,4.092136773575429
9703,3.170032565828428
9704,2.578449669351673
9705,4.819716122121922
9706,4.066151870353346
9707,4.3574208185605805
9708,3.6582675408010163
9709,3.8995503982240973
9710,4.201098920477268
9711,4.882261861132724
9712,3.0046470496440794
9713,4.104875400159072
9714,3.413976114167734
9715,3.6467601785704002
9716,3.9115589190101754
9717,3.8130921353966065
9718,3.900004490617095
9719,4.474202163893245
9720,3.7688494664918473
9721,4.015467594045007
9722,4.202613219225786
9723,3.4883763385460806
9724,4.201687846687655
9725,3.7098389278112607
9726,2.156747622675793
9727,3.0474899917454974
9728,3.4849279274646743
9729,3.1190418610817368
9730,3.8768327459639784
9731,4.117995735299234
9732,4.107928104262758
9733,3.9021773418704155
9734,3.973740218479689
9735,4.176986120430144
9736,3.6423031025750148
9737,3.9774069573011723
9738,4.013361722459206
9739,3.6447408896859628
9740,4.606668945528434
9741,4.110293354057108
9742,3.509317299005172
9743,3.685265211461669
9744,3.924627966390229
9745,3.914380835568244
9746,4.005536002626917
9747,3.9182335110461564
9748,4.278791266533511
9749,4.334102276355265
9750,2.5682147949236445
9751,3.9182881071320446
9752,4.125756234796403
9753,3.775074476761413
9754,4.435016737588841
9755,3.6909056599401717
9756,4.227206226019892
9757,4.36159859520146
9758,3.676796477594355
9759,4.302264825281734
9760,3.710053769441744
9761,4.3142897681008465
9762,4.27128720115752
9763,4.416462856691269
9764,3.901651391354151
9765,4.012389818641529
9766,3.5441972243266897
9767,4.04064417683277
9768,4.083905183945891
9769,3.3862933563183617
9770,4.4380427713285275
9771,3.644788086017089
9772,3.7708604411114464
9773,3.4775527692765262
9774,3.4175834074110036
9775,3.2484727128610515
9776,4.123799699298792
9777,3.7761696567550223
9778,3.8508474033519264
9779,4.320468409856602
9780,3.4706991317415192
9781,4.242713316849633
9782,3.8517468430286486
9783,4.0209904826322305
9784,3.772368010615146
9785,3.9252574910019757
9786,3.203013478341077
9787,3.2908955270514997
9788,3.4125202387872715
9789,4.402780271037809
9790,4.259130892085883
9791,3.4645214990355715
9792,3.8201656666281223
9793,2.7391964255340353
9794,4.073265249969911
9795,4.497602849092695
9796,3.501160384704939
9797,3.867880039803312
9798,4.246918124481528
9799,4.16957845338896
9800,3.845160919399525
9801,3.776642233142291
9802,4.239831770472155
9803,4.152752571927081
9804,4.000243383635278
9805,3.671588360479214
9806,4.402841506321134
9807,3.9343784346660833
9808,4.198840605526227
9809,4.273965811962642
9810,4.338162030016887
9811,3.577232813901353
9812,4.24779078422984
9813,3.848885217497567
9814,3.5601464502623688
9815,4.006123710693839
9816,3.897558367056808
9817,3.9611954315377016
9818,4.030309762550343
9819,4.104541679950892
9820,3.744949074303932
9821,3.540569549179041
9822,4.187068241352996
9823,3.4188227526798745
9824,3.462558600326141
9825,4.5239395452832465
9826,3.8060526791674274
9827,4.010064217409804
9828,4.213849437106776
9829,3.944739989597349
9830,3.8551495433550054
9831,4.1462397042440395
9832,4.333868183906371
9833,3.7464111966447247
9834,4.720255737435888
9835,4.289858027170799
9836,3.8808436950207463
9837,3.7766273051383044
9838,4.5648352326719746
9839,3.1422073198852427
9840,4.527810717355576
9841,3.2469668230418915
9842,4.010937926975475
9843,4.183624457664406
9844,4.117833926366599
9845,4.22875072826246
9846,3.5605475159761504
9847,3.3715433686133998
9848,4.315597098486223
9849,4.105943160237248
9850,4.641451169934503
9851,4.2748374577638035
9852,4.344292012450861
9853,3.348897686887197
9854,2.9963109260916285
9855,3.9096774911363488
9856,4.198335750867239
9857,4.1472601478640305
9858,3.63938960115962
9859,4.245855062029141
9860,3.6860079450532943
9861,4.304331098486611
9862,4.159355815672266
9863,4.0655424593202705
9864,3.990340815240061
9865,4.061809540616497
9866,3.0375467720004288
9867,3.8012452670551613
9868,3.5230097146774546
9869,4.069503391807362
9870,4.200149381928818
9871,4.127140866027675
9872,3.963940012542994
9873,3.3858799472850043
9874,4.323978643254906
9875,4.487684340401595
9876,3.612481359947163
9877,4.2701995437850355
9878,4.620350819875291
9879,3.9221162743532534
9880,4.3756464616984125
9881,3.971423488757511
9882,3.6907264285692176
9883,3.6337162982143867
9884,4.271307815357929
9885,4.048515056180263
9886,3.5406952145718313
9887,4.293166593386079
9888,4.241454141211107
9889,3.891407277913618
9890,4.275664016814943
9891,3.4611510207277005
9892,4.280785500442965
9893,4.709443995452958
9894,4.15700465178761
9895,4.210663671342234
9896,4.012615960962001
9897,4.057538187575592
9898,3.3879537584272814
9899,4.296460624967964
9900,3.629207220280757
9901,3.435171522941673
9902,2.8184847379368785
9903,4.195634397845938
9904,2.611870492157225
9905,3.974619948971078
9906,4.066724261264557
9907,4.149918763784862
9908,4.330677323599668
9909,3.8724109027340425
9910,4.536728447540185
9911,3.7410262656117315
9912,4.457685547272343
9913,4.0800353847303406
9914,3.8385508941965822
9915,4.440641305112068
9916,4.05527214186719
9917,3.1449084810803027
9918,3.877363961706085
9919,4.056100070930482
9920,3.8681382370943918
9921,4.2147970393092855
9922,3.2423958224816642
9923,4.361038889358766
9924,3.5948996223616665
9925,3.910063662649442
9926,3.6797001229969326
9927,3.8992151714502614
9928,3.5922852988994807
9929,4.140125180777977
9930,3.917197018609092
9931,3.837087211278666
9932,3.8019971530287155
9933,3.7213900031861806
9934,3.396388722341795
9935,2.586603424541036
9936,4.099330275460111
9937,4.218707132064998
9938,4.591418787396717
9939,3.8814793980000726
9940,4.158723472952326
9941,3.30963347211612
9942,3.60581244402771
9943,4.010175185520687
9944,3.804109547119772
9945,4.807058469134968
9946,2.90071852814
9947,4.07829849778076
9948,3.231186086554857
9949,4.439056666924486
9950,3.542309729757881
9951,3.549273320969359
9952,4.232463378619293
9953,3.9554698129106813
9954,2.3666669830042877
9955,4.02550015358617
9956,4.364511865330597
9957,4.395656914258447
9958,4.071558547122839
9959,4.401414803224021
9960,3.5207438963938937
9961,4.363072340988923
9962,4.16134819495667
9963,2.564197592093202
9964,4.0485925470667565
9965,4.171643755288396
9966,3.745580959879399
9967,4.317849802330515
9968,3.782621571310414
9969,4.434264714268887
9970,2.5743587091249895
9971,3.6526025030661358
9972,4.352895414981853
9973,3.815914365245151
9974,3.5873896535835224
9975,4.192624106044284
9976,3.894198385786129
9977,4.265980130665117
9978,2.7168898460132693
9979,3.8460363749487194
9980,4.248142015540166
9981,3.9789336956467065
9982,4.198886674534632
9983,3.9956342898297685
9984,3.687151481317196
9985,4.170683478117483
9986,3.3286897996535667
9987,4.381889563127983
9988,3.8456889253649496
9989,2.9746666309284304
9990,4.311056205050142
9991,3.77680128298353
9992,3.609737296025347
9993,3.8613524274411968
9994,3.477361012950822
9995,3.9162421027474568
9996,4.223747599671349
9997,4.1038170791743
9998,3.924908566799802
9999,3.9265776499634257
10000,4.262308533579068
10001,4.299188828761709
10002,3.9088164288013076
10003,3.900784522544281
10004,4.029593139482683
10005,3.58610078441089
10006,3.8291073916343774
10007,2.0716809630703628
10008,4.1249459553066625
10009,4.268225941033669
10010,3.576488365479852
10011,3.5388853433844147
10012,4.155186499030179
10013,3.7841705032340336
10014,3.5444302068494697
10015,4.1010188237134555
10016,3.4400666339064476
10017,3.666277193545288
10018,2.579904071861605
10019,2.7216382083868984
10020,3.7710986726867834
10021,4.333977756352814
10022,4.263109037358665
10023,3.9675292351406073
10024,3.7142453420306816
10025,3.8244667494288787
10026,4.128574795729164
10027,3.6257852745888104
10028,3.893286993309108
10029,4.565545418358777
10030,3.937489058338428
10031,3.8316523618344105
10032,3.6525110386357738
10033,4.030714414816931
10034,4.3626263509089505
10035,3.88519883650941
10036,3.8533375950170865
10037,4.340183699851688
10038,3.367149741163209
10039,3.9568053658345756
10040,3.978703769323646
10041,4.3823898779818915
10042,3.8008519204662883
10043,4.080275472781024
10044,4.459842072548827
10045,3.9736490551353616
10046,4.622849730916912
10047,3.720443138547802
10048,4.076149854067768
10049,4.407267738515164
10050,3.1595783473861854
10051,4.172920469261775
10052,4.248916465262258
10053,3.9562107547075107
10054,2.397160531479848
10055,3.0833520210587415
10056,4.380735755187901
10057,3.743548268394278
10058,4.429157697928734
10059,4.007001655123621
10060,4.037121919584667
10061,4.362807454920078
10062,3.9089176889144195
10063,3.838935031918714
10064,3.7909895568503518
10065,3.470735684863173
10066,3.951063460078869
10067,3.7774392299648554
10068,3.7585493652887996
10069,3.685316144822368
10070,3.6179122607777012
10071,4.1997415505452524
10072,4.005902614071468
10073,4.034717119895925
10074,3.92517261496474
10075,3.833679265471198
10076,4.1060919331066765
10077,4.186402061902393
10078,3.90595596663728
10079,3.897673817067681
10080,3.9683416354515453
10081,3.9553099960162497
10082,4.324270941617665
10083,3.799341572400789
10084,3.3636969128499863
10085,3.6873227265033104
10086,4.393729859060009
10087,4.338430539217996
10088,4.114635259646342
10089,2.4448830578462504
10090,3.9162051023557294
10091,4.246852207644918
10092,3.871827197817279
10093,3.897075080973547
10094,4.086183032702716
10095,4.428063455401006
10096,3.7595842937552395
10097,3.8789739598290898
10098,4.630570634218773
10099,3.7616966530740483
10100,3.5921098685144637
10101,3.6179144604521247
10102,4.6496856215933136
10103,3.906811612155736
10104,3.924049945372721
10105,3.952240112276961
10106,4.0599191120673215
10107,3.77595549953981
10108,3.9896556274869988
10109,3.884020754609179
10110,4.394918122588267
10111,4.140201254288155
10112,4.024355641697788
10113,4.006686233377415
10114,2.7645539690629484
10115,4.340240057099144
10116,3.078571133739346
10117,4.705045550612497
10118,3.9166763180182858
10119,3.417172259253426
10120,3.794691739050348
10121,4.089196267564424
10122,4.151855804516124
10123,3.846513504318191
10124,4.160308332021606
10125,2.8773840993746913
10126,3.7837779855433884
10127,3.8283908228945256
10128,3.6646013089379137
10129,4.015130490143859
10130,4.052754182966172
10131,4.250086908466794
10132,4.257683666472534
10133,3.7366000890217377
10134,3.587789179569146
10135,3.5898061584459935
10136,4.30166850379922
10137,2.6695512236143695
10138,3.9400011850285037
10139,3.940105131423496
10140,4.619558679059912
10141,3.860083294091625
10142,3.072150344600907
10143,4.10615421207158
10144,3.8698061055911412
10145,3.9833235950797072
10146,4.0820061702854895
10147,4.591926223925384
10148,3.7563769640528277
10149,4.0642650398849
10150,3.2280937784289367
10151,4.426077494659623
10152,4.088440868782465
10153,3.5671222657717014
10154,3.973778843701508
10155,3.5758453016559857
10156,4.06639900581566
10157,4.047404076943803
10158,4.145533999096661
10159,3.8172389970295617
10160,2.5528959342109423
10161,4.0813991562968885
10162,4.3368867436243494
10163,4.231815049250683
10164,2.98315567392837
10165,4.527581146287895
10166,3.585150494391816
10167,3.6762676626833763
10168,3.4458060722610346
10169,3.6666596560054217
10170,3.6474645742503276
10171,3.6960619128178847
10172,4.005830755440295
10173,4.151138314054723
10174,3.9854528166286576
10175,4.067476682783893
10176,3.4096664928570632
10177,4.19340274324507
10178,3.382006583856435
10179,3.751161159396234
10180,4.262630637918708
10181,4.175524564384178
10182,4.455227704889663
10183,3.5074023333082107
10184,3.8894791917344578
10185,4.427031106235291
10186,4.227881435456265
10187,3.735359635779213
10188,3.9786554966856595
10189,3.6364021895443353
10190,4.391929356011902
10191,3.963258859102491
10192,3.8945146772235835
10193,4.312542601679391
10194,4.228665739828177
10195,4.0665493151736545
10196,4.361177423921968
10197,4.261876127335123
10198,3.660763826361104
10199,3.6817037858843813
10200,4.281080213330114
10201,4.426149394324676
10202,3.8278654719515983
10203,4.069726800412373
10204,4.4994082199715235
10205,3.7508034323802772
10206,3.507015067689323
10207,4.050717517040297
10208,4.181053600321283
10209,2.933073608919638
10210,3.257902218671478
10211,3.7580068634610737
10212,4.262797383275563
10213,4.1683102371356116
10214,4.050651716028289
10215,4.017414424583806
10216,3.4697387444435495
10217,4.004452417199264
10218,4.358772134855547
10219,3.9719727943001404
10220,4.391427924823402
10221,3.5907506667639404
10222,4.125751185236213
10223,3.539355601638499
10224,3.333259093538618
10225,3.9964040449674827
10226,3.723519445079446
10227,3.3903230594061573
10228,3.5880824706433567
10229,3.9711577777948364
10230,4.0290615240182746
10231,3.8253105463749466
10232,4.121196864493806
10233,3.7023361470394764
10234,3.9365546679262446
10235,2.9104697778944244
10236,4.924537697933179
10237,3.3629185695803234
10238,4.081220698386971
10239,3.972825332392064
10240,2.560024643503562
10241,4.196113410611137
10242,4.108621695189502
10243,4.0324446727647985
10244,3.9208693227449527
10245,4.4163200469484565
10246,4.189120813843563
10247,4.260102331336665
10248,3.4373484375117624
10249,4.317028786887507
10250,3.7205811005007767
10251,3.7946824552139926
10252,4.119643368855268
10253,4.062307349160734
10254,3.530572560288106
10255,4.180624311843587
10256,3.7023321442955037
10257,4.1555289910752045
10258,4.116649811892585
10259,4.048341300857636
10260,4.212506515300132
10261,3.5280450892076534
10262,3.722899403018035
10263,2.79881535440583
10264,4.380714424746423
10265,3.9004884803851505
10266,3.926459425558582
10267,3.8542776235409044
10268,3.997481267319392
10269,4.381521370272898
10270,3.401226412730382
10271,2.754037380339297
10272,4.03041147929099
10273,4.075607499243589
10274,3.9402449060737315
10275,3.673181658011404
10276,4.25245593495742
10277,4.433683227879256
10278,4.446388450128929
10279,3.9781823501021676
10280,4.200767473776445
10281,4.328201792932547
10282,3.773226654065494
10283,4.089789762112224
10284,4.222492535309136
10285,4.633883475163246
10286,4.524819679524279
10287,3.091821644740666
10288,4.051860003019531
10289,4.220760356809691
10290,3.5518445748555
10291,3.9733489646742535
10292,4.322383792086162
10293,3.737683736176609
10294,3.816397224319375
10295,4.2745147192531885
10296,4.391697885319831
10297,3.806619823744315
10298,3.463984603613614
10299,4.029175892456316
10300,3.867766642804006
10301,4.204247305390618
10302,4.363393437794918
10303,3.321546534005119
10304,4.045074970053366
10305,4.225281870785099
10306,3.6681443751206473
10307,3.7279530185180243
10308,4.058765835834635
10309,4.079650158995313
10310,2.769779353085325
10311,3.8781054753324113
10312,3.2490006319647153
10313,3.8982945075847377
10314,4.337497251232766
10315,4.059874293014215
10316,3.9245923888556793
10317,3.7301675602705324
10318,3.6825973298050876
10319,4.199856789235458
10320,3.8410546642773706
10321,4.176801414046228
10322,4.143908818905576
10323,4.329433850329112
10324,4.28403648621951
10325,3.758064706268702
10326,3.758778850099837
10327,3.8314733642129
10328,4.1496218144276265
10329,3.4489509220665497
10330,3.8096266063754514
10331,4.124113352180775
10332,3.9162407904955296
10333,3.852030012251182
10334,3.556732961629717
10335,4.4550847166367165
10336,3.9730376340158533
10337,4.3942108348255005
10338,2.4563986284567236
10339,4.444192253825907
10340,3.994905179624639
10341,4.474653721198634
10342,3.8932924905570534
10343,4.300133868109959
10344,3.285794402540707
10345,3.363985553200034
10346,3.744263060050558
10347,4.020491132411056
10348,3.406569202376388
10349,4.377765541071275
10350,3.355019556518933
10351,3.4273600221166607
10352,4.147877523775582
10353,3.636259037413183
10354,4.314761951548914
10355,3.923794836384065
10356,2.452924025377722
10357,3.8728845222903305
10358,4.22213094456312
10359,3.344885829994911
10360,3.9042919955751643
10361,4.111915096839277
10362,3.473301389862997
10363,3.8743971711238716
10364,3.926938238688868
10365,4.111356655313583
10366,2.6301767940410246
10367,3.3250402863221797
10368,3.724203020696757
10369,3.9135825573090943
10370,4.208581987943284
10371,3.7772601612127703
10372,4.3235235782909704
10373,4.135136370682661
10374,3.9219130713985058
10375,3.9166941450909776
10376,3.930283090919151
10377,4.21200644152066
10378,3.1827567290790784
10379,4.234181468710721
10380,4.217519140926624
10381,4.443010337465584
10382,3.780071435925884
10383,4.395190045263765
10384,3.8612959619456806
10385,3.964520942978272
10386,3.4971229362158276
10387,4.499353481099322
10388,3.8994032442220776
10389,3.8533347133693545
10390,2.668489076881828
10391,2.70527541342393
10392,3.561707270392001
10393,4.174819229361866
10394,4.131847066710546
10395,3.8879153432557083
10396,4.179050700442503
10397,4.254592778115306
10398,2.078916726476006
10399,3.291744406489639
10400,3.823353385891362
10401,4.440518114636534
10402,4.342853275659941
10403,4.492573342898338
10404,4.2183966449722
10405,4.377330067598446
10406,4.190710177072579
10407,3.6256663334732853
10408,3.600188504891212
10409,4.354149999666251
10410,3.7912274872136487
10411,3.9697671223517905
10412,3.8974708329613117
10413,3.5063317270521934
10414,4.095647328488395
10415,3.6134783108696347
10416,3.7112592250144743
10417,2.4914641755611213
10418,4.281168161368881
10419,3.423710052161199
10420,4.140062788808427
10421,3.7095728515273114
10422,3.5304680604982686
10423,3.9598741383986567
10424,4.358926460094468
10425,3.6268106832690297
10426,3.5941676051295106
10427,4.358458078829413
10428,2.3640810810522956
10429,4.117149395554282
10430,3.7786392922348546
10431,3.8265167332753838
10432,4.351836293282312
10433,4.368720475647619
10434,4.159281241844747
10435,4.085778438389014
10436,4.806990336310391
10437,3.788083057408945
10438,3.9941919836334305
10439,3.9660426356084217
10440,3.663875632655948
10441,3.892693745610034
10442,4.162292031005082
10443,4.241758871655967
10444,3.443501967337773
10445,3.939622286508324
10446,3.9447262574575217
10447,3.9287373561863133
10448,4.08616103388451
10449,4.362665676207148
10450,4.329108519617366
10451,3.700852034344546
10452,4.136299041380507
10453,3.45407881394572
10454,4.2838808877317955
10455,3.869579456986096
10456,4.168162437073471
10457,4.421280301990023
10458,4.680494395394956
10459,4.207739828546673
10460,4.3391117068063725
10461,3.9699185310698355
10462,3.4398673107405062
10463,3.9377290135651917
10464,2.6599715973227784
10465,4.026477269450215
10466,4.203031880972598
10467,3.9435687000566837
10468,4.0937267689774695
10469,4.1527448124326805
10470,4.380500584579102
10471,3.710354154316611
10472,4.328981714393007
10473,4.184208396459462
10474,3.519175659959239
10475,3.8467390677217943
10476,3.5317735876449663
10477,4.140179034491917
10478,4.202957957899685
10479,4.4136520429114805
10480,3.873685258231902
10481,4.124573827185182
10482,3.813286300743799
10483,4.559965511209166
10484,4.169261805201781
10485,4.030849123632544
10486,3.8009400179683017
10487,3.0030240007585673
10488,3.837658788564444
10489,4.210907999752134
10490,3.8161964561530675
10491,3.806353606171417
10492,4.2501112678208735
10493,3.596792954010115
10494,3.9155904429122566
10495,4.165169627949033
10496,4.115873074249681
10497,3.889678973482827
10498,4.09111374607073
10499,3.9672630777628135
10500,4.136480555851888
10501,3.932235284827103
10502,4.099316395798163
10503,4.151713769845645
10504,4.328942947702415
10505,4.304515914352008
10506,3.4606362743371237
10507,4.376537001630572
10508,4.08435409769122
10509,3.232944201497436
10510,3.6541415132628017
10511,3.5422790251471357
10512,4.0748308827801925
10513,2.8516081956327257
10514,3.8783799705621966
10515,4.233979047749995
10516,4.016088513056445
10517,4.159061592240585
10518,4.006907967221662
10519,4.092295091718235
10520,4.020302376098747
10521,4.444824202231766
10522,3.936199463121306
10523,3.908888674536627
10524,4.387760203084735
10525,3.4605763075251077
10526,3.903464965919204
10527,3.5213227782248246
10528,3.8757057388369542
10529,3.609001346008062
10530,4.516339662855083
10531,3.8953211120101705
10532,4.063512605310977
10533,3.3347713023249757
10534,4.228386507456634
10535,3.649939874031612
10536,3.6822472314595194
10537,3.3040492043306764
10538,3.959587833482732
10539,4.61320632086191
10540,3.5892808200644444
10541,3.630139243551243
10542,3.7485737073899617
10543,4.273970149038161
10544,4.181863048226787
10545,3.758863636386097
10546,4.245252699614707
10547,3.6961996854496344
10548,4.250859686394647
10549,4.08368693802127
10550,4.128670373011542
10551,3.7516609431908936
10552,3.8304306056474284
10553,4.093799601124841
10554,4.491193242201656
10555,3.890417813748282
10556,3.2202656042822535
10557,3.93431898080945
10558,3.4748710658306123
10559,4.169792626753276
10560,3.2408279452026267
10561,3.4810335658619445
10562,2.5264545420056197
10563,2.655979971228792
10564,3.85905279161933
10565,3.4628953777483154
10566,3.0871316669329527
10567,4.353603269113081
10568,4.196396313619124
10569,3.887948473984219
10570,3.407530796939241
10571,3.124671458845145
10572,4.2710700006921
10573,3.916795490801835
10574,3.8663700801805745
10575,3.855125944068527
10576,3.8295322877042177
10577,4.3662719611091045
10578,3.1738933447393722
10579,3.592502802607477
10580,3.0932841148182293
10581,3.1020149403442936
10582,3.4714014902201655
10583,4.080231153901379
10584,3.5173768479962524
10585,4.123527643693988
10586,3.6745919525327184
10587,4.200606464851688
10588,4.137466967286983
10589,3.688175556525816
10590,3.7972577596620294
10591,4.530755669606068
10592,3.7187247757919106
10593,3.5379266815119874
10594,4.404077090066242
10595,4.608675012665529
10596,4.121997441370629
10597,4.467967056394068
10598,3.3018535237439686
10599,3.6112997969536074
10600,4.047438588816731
10601,3.9818088123531536
10602,4.212061966487583
10603,3.923905019196384
10604,4.387072577057927
10605,4.094505564922927
10606,3.712200893582829
10607,4.234690811311815
10608,4.297431024924791
10609,4.19275961344059
10610,4.059450778179917
10611,3.866806728788666
10612,4.147386533180688
10613,3.752482778100159
10614,4.068956004144784
10615,3.5483240050928595
10616,2.510343493531123
10617,3.620497982764793
10618,3.5964810275476387
10619,3.6955204516396885
10620,4.628558937707591
10621,4.0428441406838544
10622,3.9037132534558956
10623,3.6314446752161293
10624,3.367281327769502
10625,3.949761959951826
10626,3.520513813405926
10627,4.195129831721061
10628,4.186291955820028
10629,3.9864148535239186
10630,4.276138511581131
10631,3.1345481028194326
10632,4.096367071448363
10633,3.9955763474982096
10634,4.408645124350188
10635,4.22371857691021
10636,3.567315630057057
10637,4.3120603889076605
10638,4.1397797982235645
10639,3.21480589076386
10640,4.356638677954189
10641,4.050746108523807
10642,3.488530022192138
10643,3.582988898595727
10644,4.312555396491413
10645,3.7844797413162006
10646,3.7182204637546787
10647,4.230830254141319
10648,4.13283819967229
10649,4.160485933802588
10650,4.23947948364596
10651,4.183667946955478
10652,3.127324185739845
10653,3.903777080855534
10654,2.9972772977300717
10655,3.5490128033762414
10656,4.363997189224373
10657,3.875343484440965
10658,4.2100578355008516
10659,3.564386627671946
10660,4.108323215879936
10661,3.7779423713893063
10662,3.967950193354916
10663,4.159239741607837
10664,4.245608579850851
10665,2.3899598247893965
10666,3.9694177358230682
10667,3.8480054961099204
10668,4.041897047104255
10669,1.9191839407007512
10670,4.74454099338614
10671,3.600966800748055
10672,3.811611910653927
10673,4.2468430156914225
10674,4.114811838822336
10675,3.6932854937102237
10676,3.287493191300644
10677,4.578816008519159
10678,4.244046511522596
10679,3.75287363531572
10680,3.826213746546222
10681,4.257277933367953
10682,3.983964358062793
10683,4.339212719586508
10684,3.87313219625508
10685,3.576029307469664
10686,3.7929977410014333
10687,4.300941901084535
10688,2.054926163133398
10689,3.5232034358235014
10690,3.187028318681263
10691,4.291243045296715
10692,4.348930887424858
10693,3.5644410015607466
10694,3.61016103319414
10695,4.213272536206249
10696,3.8589965207501535
10697,3.819831057498744
10698,3.9790960501864783
10699,4.32344039099161
10700,4.145638400974894
10701,4.2050325857275945
10702,3.916402249046753
10703,3.865686707138655
10704,4.145493497476232
10705,3.974961925693658
10706,4.063435236930726
10707,4.070013996148029
10708,4.170629016339792
10709,4.453855777142497
10710,3.674000957353595
10711,3.676809492212131
10712,2.3712551362204883
10713,4.010389991002607
10714,3.8359363607378447
10715,3.8737553079226164
10716,4.8294975559766495
10717,3.8424497521530796
10718,3.880412535868418
10719,4.105221089302371
10720,3.6993285274489187
10721,4.007662322208098
10722,4.1484976047977025
10723,4.020384453987283
10724,2.7269239629252535
10725,3.6832473494965234
10726,4.376217239882044
10727,3.97328813536685
10728,4.1869172084460065
10729,3.6743016303905915
10730,4.438533522380419
10731,3.951924920519581
10732,4.27156759376596
10733,2.7974599770247868
10734,3.7679360372806676
10735,4.273793467083849
10736,3.007599175854032
10737,3.9371077225880975
10738,4.27480238611867
10739,4.425812464236166
10740,3.999166454625835
10741,3.0659883292391252
10742,3.6072779761682257
10743,3.937733830107908
10744,4.082902889688074
10745,2.345702848911835
10746,4.051083437200505
10747,4.025504025611421
10748,4.116677972292925
10749,3.881874299051722
10750,3.8276394724200773
10751,3.9775030507759017
10752,4.323130468057822
10753,4.286179581600063
10754,4.008757683372188
10755,3.9761390087760273
10756,3.913965777228037
10757,4.034671416604732
10758,3.3154369257152894
10759,4.116564480443754
10760,3.7885046574548658
10761,4.0451650979459775
10762,3.373243333834438
10763,4.071480408020157
10764,4.2638077919081745
10765,4.064737054357331
10766,3.5254471054800707
10767,4.620476990833615
10768,4.277400440392295
10769,4.13696968960324
10770,2.2088041440639183
10771,4.017103694332045
10772,3.4754587015888507
10773,4.070100789130005
10774,3.6841042490983167
10775,3.3847480715918588
10776,3.645287517354671
10777,4.504546564877779
10778,4.020703395610881
10779,3.4140260335995074
10780,3.916255002467137
10781,3.653608641085266
10782,4.045990845546745
10783,4.0607805495303095
10784,3.7049848336015865
10785,3.5987321574078366
10786,4.012593247793084
10787,4.787123931233498
10788,4.437918675995663
10789,3.495600687551091
10790,3.9073298564869523
10791,3.475911588325042
10792,4.391985828629424
10793,3.582352685192838
10794,3.7708612186302144
10795,4.09619880492471
10796,3.3726532547284576
10797,2.6151278447003037
10798,4.091228788047012
10799,3.747337521261171
10800,4.304824571231135
10801,3.7137165395094995
10802,3.3578205933808456
10803,4.071159745420898
10804,3.862393146133338
10805,4.33818782896427
10806,4.24029613940485
10807,3.489909218733279
10808,3.579547813374691
10809,3.993887517744147
10810,4.0953945630385435
10811,4.283767760831109
10812,4.477549384680688
10813,4.191953522712963
10814,3.9456254730366385
10815,4.000058737588474
10816,4.444361404592257
10817,4.0239252310284055
10818,2.8166090287518823
10819,3.9041283958448876
10820,3.7119022701226334
10821,3.7012344877536796
10822,4.30680178187544
10823,4.349763443188747
10824,4.69806889417295
10825,3.528162857547163
10826,3.941292683887691
10827,3.824169475595494
10828,3.9371317988304053
10829,4.313700123627977
10830,3.6123751981799015
10831,3.96995177212408
10832,3.9374506738000075
10833,4.232220120568168
10834,2.5460030312374586
10835,3.5033109188440914
10836,3.586569663177419
10837,4.100892563978314
10838,3.795100759329041
10839,3.7167290600252887
10840,4.072666321264427
10841,4.428275735126124
10842,3.9107819597789573
10843,3.7428734543168694
10844,4.174265559006045
10845,4.196377937555028
10846,2.4700260778242082
10847,3.9065835419140034
10848,3.5792746546512157
10849,4.229228343731064
10850,4.099388038610473
10851,3.641289518415117
10852,3.829322489732939
10853,4.1783626782552545
10854,2.509030848745375
10855,3.851732232402696
10856,4.1776314949864215
10857,4.191571729351922
10858,4.270717294197942
10859,4.000631488936272
10860,4.045980969742021
10861,4.250417737615755
10862,3.8533233078721323
10863,3.7860877766602794
10864,3.94765994595143
10865,3.51281580848712
10866,4.443932552615991
10867,4.193286693307936
10868,3.4856274027696132
10869,3.4556669123643706
10870,3.939478618501148
10871,3.623440060166731
10872,3.392191421673528
10873,4.371510009989004
10874,3.5081143083498714
10875,4.36900971095134
10876,3.7436031882694962
10877,3.756558132786606
10878,4.434390396810249
10879,3.87584507791208
10880,3.940846143741053
10881,3.859812898019296
10882,4.214712802623303
10883,4.555499564117515
10884,4.683516807724073
10885,4.051974303687332
10886,4.079007419606006
10887,3.5057714443232015
10888,3.600739576750825
10889,4.209795373793784
10890,2.633403581100089
10891,4.5164658258042945
10892,4.36205870233112
10893,4.190881414963773
10894,3.9997675888060473
10895,4.36994730601489
10896,4.401958173673225
10897,3.8711557096912053
10898,3.7136548795395474
10899,3.529885143448364
10900,4.252470384943631
10901,4.266474067434281
10902,4.011354262838096
10903,3.824886822076546
10904,4.046396275303727
10905,3.786975206034478
10906,3.4540238798134797
10907,3.8650383854131585
10908,4.074837827206964
10909,3.721494100121637
10910,4.815600668974897
10911,3.9325369081726445
10912,3.750950317598899
10913,3.9473614389735556
10914,4.211926490056008
10915,3.7168584245666922
10916,3.910135022395737
10917,4.305915789468276
10918,3.3233605354819185
10919,3.5746727220898045
10920,3.9848076631830027
10921,3.1967189821059825
10922,3.9213963853935683
10923,4.371681378859505
10924,3.89011783162568
10925,3.9354546222989018
10926,2.532995378930156
10927,3.795841870842457
10928,4.0476372116835195
10929,4.522208185778235
10930,4.2290181426073765
10931,3.968998405227917
10932,3.805503887924748
10933,3.116465998329103
10934,4.224647727538044
10935,2.7298635730789362
10936,4.09934673773686
10937,3.5944214159757566
10938,3.345279134357635
10939,4.545607425061927
10940,3.762350106710824
10941,4.065297376079971
10942,3.7480239527943895
10943,3.7416146743445498
10944,2.581467569854664
10945,2.7713382545723624
10946,3.878163457721157
10947,4.268672162303471
10948,3.9160585216925416
10949,4.433633547514361
10950,4.209335552872868
10951,3.806760645036568
10952,4.089045532821439
10953,3.6873282589148624
10954,3.6999613262720152
10955,3.541825300139622
10956,3.6821575414076406
10957,3.7352090916032643
10958,4.3073172059912626
10959,4.103986403474851
10960,4.180725163335124
10961,4.068218484488572
10962,3.8917963884153033
10963,3.4739766232570553
10964,4.429951458623499
10965,3.4728717670237694
10966,4.012547646558507
10967,3.893625478786748
10968,4.748827294112372
